chronic_condition,condition_no_chronic
“19 patients with painful diabetic polyneuropathy and 18 patients with painful nondiabetic polyneuropathy”,“19 patients with painful diabetic polyneuropathy and 18 patients with painful nondiabetic polyneuropathy”
"arm pain -  we included individuals with a range of clinical diagnoses involving the tendons, soft tissues and nerves of the arm, as well as those with non-specific arm symptoms related to movement (‘‘overuse strain syndrome”).","arm pain -  we included individuals with a range of clinical diagnoses involving the tendons, soft tissues and nerves of the arm, as well as those with non-specific arm symptoms related to movement (‘‘overuse strain syndrome”)."
atypical facial pain,atypical facial pain
burning mouth syndrome,burning mouth syndrome
central neuropathic pain caused by lesion or dysfunction in the cns.,central neuropathic pain caused by lesion or dysfunction in the cns.
central pain in multiple sclerosis,central pain in multiple sclerosis
central post-stroke pain,central post-stroke pain
chemotherapy-induced painful peripheral neuropathy,chemotherapy-induced painful peripheral neuropathy
chest pain (non cardiac),chest pain (non cardiac)
chronic cervical and/or lumbar spine pain,cervical and/or lumbar spine pain
chronic knee osteoarthritis,knee osteoarthritis
chronic low back pain,low back pain
chronic low back pain with a neuropathic component,low back pain with a neuropathic component
chronic neck pain,neck pain
chronic neuropathic low back pain,neuropathic low back pain
chronic neuropathic pain following spinal cord injury,neuropathic pain following spinal cord injury
chronic neuropathic pain following treatment for breast cancer,neuropathic pain following treatment for breast cancer
chronic pain of various origins,pain of various origins
chronic pain syndrome due to hip and knee arthritis,pain syndrome due to hip and knee arthritis
"chronic pain syndromes
from deafferentation and with oncological pain
with deafferentation component . of the 45 patients entered into the
study, 27 were affected by pain caused by tumors
and 18 by pain from other causes.","pain syndromes
from deafferentation and with oncological pain
with deafferentation component . of the 45 patients entered into the
study, 27 were affected by pain caused by tumors
and 18 by pain from other causes."
chronic pain syndromes - 13 patients were regarded as having pain syndromes of predominantly organic origin while 27 of the patients had pain syndromes of predominantly psychogenic origin.,pain syndromes - 13 patients were regarded as having pain syndromes of predominantly organic origin while 27 of the patients had pain syndromes of predominantly psychogenic origin.
"chronic pain syndromes: of the 59 randomised participants: 27 presented with low back pain, 16 with
osteoarthritis, 8 with fibromyalgia, and 8 with rheumatoid arthritis","pain syndromes: of the 59 randomised participants: 27 presented with low back pain, 16 with
osteoarthritis, 8 with fibromyalgia, and 8 with rheumatoid arthritis"
"chronic pelvic pain
","pelvic pain
"
"chronic peripheral neuropathic pain
conditions include: n(%)
diabetic peripheral neuropathy: 16 (31%)
idiopathic polyneuropathy: 15 (29%)
postherpetic neuralgia: 12 (23%)
chemotherapy-induced peripheral neuropathy: 6 (12%)
posttraumatic neuropathy: 2 (4%)
myelin-associated glycoprotein neuropathy: 1 (2%)","peripheral neuropathic pain
conditions include: n(%)
diabetic peripheral neuropathy: 16 (31%)
idiopathic polyneuropathy: 15 (29%)
postherpetic neuralgia: 12 (23%)
chemotherapy-induced peripheral neuropathy: 6 (12%)
posttraumatic neuropathy: 2 (4%)
myelin-associated glycoprotein neuropathy: 1 (2%)"
chronic phantom limb pain/residual limb pain after amputation,phantom limb pain/residual limb pain after amputation
chronic postherpetic neuralgia,postherpetic neuralgia
chronic temporomandibular disorders,temporomandibular disorders
"chronic, intractable 'psychogenic' pain",", intractable 'psychogenic' pain"
diabetic neuropathic pain,diabetic neuropathic pain
diabetic peripheral neuropathic pain,diabetic peripheral neuropathic pain
diabetic peripheral neuropathic pain (dpnp),diabetic peripheral neuropathic pain (dpnp)
diabetic peripheral neuropathy,diabetic peripheral neuropathy
diabetic polyneuropathy,diabetic polyneuropathy
diabetic polyneuropathy and post-herpetic neuralgia,diabetic polyneuropathy and post-herpetic neuralgia
fibromyalgia,fibromyalgia
fibromyalgia with insomnia,fibromyalgia with insomnia
functional bowel disorders,functional bowel disorders
functional chest pain,functional chest pain
functional gastrointestinal disorder,functional gastrointestinal disorder
hand osteoarthritis,hand osteoarthritis
hiv related peripheral neuropathy,hiv related peripheral neuropathy
"idiopathic pain syndrome (as defined by williams and spitzer, 1982). most patients had more than one symptom and majority of patients had moderate to severe pain in the head region and/or chronic pain in neck, shoulders, arms and/or back.","idiopathic pain syndrome (as defined by williams and spitzer, 1982). most patients had more than one symptom and majority of patients had moderate to severe pain in the head region and/orpain in neck, shoulders, arms and/or back."
"idiopathic pain syndrome, mainly: tension headache, burning mouth syndrome, abdominal pain and low back pain.       .     in brief, of the included 253 patients in the study byloldrup et al. (1989) 114 had tension headache (age: 17–69 years, median 41.0 years; 64% females); 47 patients hadabdominal pain (age: 20–78 years, median 45.5 years; 70%females); 15 patients with low back pain (age: 26–68 years;median 40 years; 60% females); and 77 patients with burningmouth (age: 38–80 years; median 63 years; 92% females).","idiopathic pain syndrome, mainly: tension headache, burning mouth syndrome, abdominal pain and low back pain.       .     in brief, of the included 253 patients in the study byloldrup et al. (1989) 114 had tension headache (age: 17–69 years, median 41.0 years; 64% females); 47 patients hadabdominal pain (age: 20–78 years, median 45.5 years; 70%females); 15 patients with low back pain (age: 26–68 years;median 40 years; 60% females); and 77 patients with burningmouth (age: 38–80 years; median 63 years; 92% females)."
interstitial cystitis (ic),interstitial cystitis (ic)
interstitial cystitis/painful bladder syndrome (ic/pbs),interstitial cystitis/painful bladder syndrome (ic/pbs)
irritable bowel syndrome,irritable bowel syndrome
"irritable bowel syndrome, diarrhea-predominant ibs was the most common
condition in each study group.","irritable bowel syndrome, diarrhea-predominant ibs was the most common
condition in each study group."
knee osteoarthritis,knee osteoarthritis
low back pain,low back pain
low back pain/lumbar radiculopathy,low back pain/lumbar radiculopathy
multiple functional somatic syndromes,multiple functional somatic syndromes
neuropathic pain,neuropathic pain
"neuropathic pain (post-herpetic neuralgia, diabetic polyneuropathy, traumatic plexus avulsion, peripheral nerve injury, failed back surgery syndrome, phantom pain, post-stroke pain)","neuropathic pain (post-herpetic neuralgia, diabetic polyneuropathy, traumatic plexus avulsion, peripheral nerve injury, failed back surgery syndrome, phantom pain, post-stroke pain)"
neuropathic pain associated with multiple sclerosis.,neuropathic pain associated with multiple sclerosis.
non-cardiac chest pain,non-cardiac chest pain
osteoarthritis of the hip or knee,osteoarthritis of the hip or knee
osteoarthritis of the knee,osteoarthritis of the knee
pain from spinal cord injury,pain from spinal cord injury
pain related to parkinson's disease,pain related to parkinson's disease
painful diabetic neuropathy,painful diabetic neuropathy
painful diabetic peripheral neuropathy,painful diabetic peripheral neuropathy
painful diabetic peripheral neuropathy (dpn).,painful diabetic peripheral neuropathy (dpn).
painful diabetic peripheral polyneuropathy,painful diabetic peripheral polyneuropathy
painful peripheral diabetic neuropathy,painful peripheral diabetic neuropathy
painful polyneuropathy,painful polyneuropathy
peripheral neuropathic pain,peripheral neuropathic pain
persistent somatoform pain disorder,persistent somatoform pain disorder
polyneuropathy,polyneuropathy
post-herpetic neuralgia,post-herpetic neuralgia
postherpetic neuralgia,postherpetic neuralgia
"primary fibrositis, fibromyalgia","primary fibrositis, fibromyalgia"
rheumatoid  arthritis,rheumatoid  arthritis
rheumatoid arthritis,rheumatoid arthritis
rheumatoid arthritis as ≥5 body pain sites,rheumatoid arthritis as ≥5 body pain sites
severe ibs,severe ibs
somatoform symptoms and medically unexplained symptoms,somatoform symptoms and medically unexplained symptoms
"somatoform, dsm-iv-tr pain disorder","somatoform, dsm-iv-tr pain disorder"
spinal cord injury (sci),spinal cord injury (sci)
temporomandibular disorders,temporomandibular disorders
temporomandibular joint disorders (tmd),temporomandibular joint disorders (tmd)
"the majority of subjects had simple, nonspecific low back pain.
some subjects had multifocal pain resulting from associated fibromyalgia, but, in all cases, pain in the low back
was the predominant complaint.","the majority of subjects had simple, nonspecific low back pain.
some subjects had multifocal pain resulting from associated fibromyalgia, but, in all cases, pain in the low back
was the predominant complaint."
vulvodynia,vulvodynia
