study,arm,type,class
lee 2010,placebo,placebo,NA
lee 2010,venlafaxine - 75mg,antidepressant,snri
dsrhv 2018,control,waitlist,NA
dsrhv 2018,amitriptyline 10mg,antidepressant,tca
dsrhv 2018,amitriptyline 10mg + splint,antidepressant + splint,tca
dsrhv 2018,acupuncture,acupuncture,NA
keskinbora 2006,gabapentin 900 – 3600mg,anticonvulsant,NA
keskinbora 2006,amitriptyline 25 – 150mg,antidepressant,tca
cannon 1994,placebo,placebo,NA
cannon 1994,clonidine,antihypertensive,NA
cannon 1994,imipramine 50mg,antidepressant,tca
shlay 1998,placebo,placebo,NA
shlay 1998,amitriptyline 75mg,antidepressant,tca
kalso 1996,placebo,placebo,NA
kalso 1996,amitriptyline 100mg,antidepressant,tca
rintala 2007,gabapentin ≤3600mg,anticonvulsant,NA
rintala 2007,amitriptyline ≤150mg,antidepressant,tca
rintala 2007,diphenhydramine ≤75mg,antihistamine,NA
richards 2015,placebo,placebo,NA
richards 2015,venlafaxine 37.5 - 225mg,antidepressant,snri
glaxosmithkline 2005,placebo,placebo,NA
glaxosmithkline 2005,paroxetine 20mg,antidepressant,ssri
atkinson 2007,benztropine mesylate 0.5 [active placebo],active placebo,NA
atkinson 2007,desipramine - low,antidepressant,tca
atkinson 2007,desipramine - medium,antidepressant,tca
atkinson 2007,desipramine - high,antidepressant,tca
atkinson 2007,fluoxetine - low,antidepressant,ssri
atkinson 2007,fluoxetine - medium,antidepressant,ssri
atkinson 2007,fluoxetine - high,antidepressant,ssri
riesner 2008,placebo,placebo,NA
riesner 2008,fluvoxamine - 50-150mg,antidepressant,ssri
gonzalez-viejo 2005,physical therapy,ultrasonography + physiotherapy,NA
gonzalez-viejo 2005,sertraline - 50mg,antidepressant,ssri
watson 1998,amitriptyline - ≥10mg,antidepressant,tca
watson 1998,nortriptyline - ≥10mg,antidepressant,tca
scudds 1989,placebo,placebo,NA
scudds 1989,amitriptyline,antidepressant,tca
graff-radford 2000,amitriptyline (group 1),antidepressant,tca
graff-radford 2000,amitriptyline + fluphenazine (group 2),antidepressant + antipsychotic,tca
graff-radford 2000,fluphenazine (group 3),antipsychotic,NA
graff-radford 2000,glycopyrrolate (active placebo; group 4),active placebo,NA
zitman 1990,riboflavin - 15mg,active placebo: vitamin b2,NA
zitman 1990,amitriptyline - 75mg + riboflavin - 15mg,antidepressant + active placebo: vitamin b2,tca
ozerbil 2006,amitriptyline - 25mg + placebo,antidepressant,tca
ozerbil 2006,fluoxetine - 20mg + placebo,antidepressant,ssri
pickering 2018,placebo,placebo,NA
pickering 2018,milnacipran - 100mg,antidepressant,snri
goldenberg 1996,placebo,placebo,NA
goldenberg 1996,amitriptyline - 25mg + placebo,antidepressant,tca
goldenberg 1996,fluoxetine - 20mg + placebo,antidepressant,ssri
goldenberg 1996,amitriptyline - 25mg + fluoxetine - 20mg,combination of antidepressant + antidepressant,tca + ssri
alcoff 1982,placebo,placebo,NA
alcoff 1982,imipramine - 150mg,antidepressant,tca
caruso 1987,placebo,placebo,NA
caruso 1987,dothiepin - 75mg,antidepressant,tca
max 1992,desipramine 12.5 - 150mg,antidepressant,tca
max 1992,amitriptyline 12.5 - 150mg,antidepressant,tca
tammiala-salonen 1999,placebo,placebo,NA
tammiala-salonen 1999,trazodone 200mg,antidepressant,sari
goldenberg 1986,amitriptyline + naproxen (a+n),antidepressant + nsaid,tca
goldenberg 1986,placebo + naproxen (n),placebo + nsaid,NA
goldenberg 1986,amitriptyline + placebo (a),antidepressant + placebo,tca
goldenberg 1986,placebo + placebo (pl),placebo,NA
bateman 2011,milnacipran 50 - 200mg,antidepressant,snri
bateman 2011,placebo,placebo,NA
pilowsky 1990,amitriptyline + pyschotherapy,antidepressant + psychological therapy,tca
pilowsky 1990,amitriptyline + support,antidepressant + clinician support,tca
pilowsky 1990,placebo + psychotherapy,placebo + psychological therapy,NA
pilowsky 1990,placebo + support,placebo + clinician support,NA
morello 1999,gabapentin 900 - 1800mg,anticonvulsant,NA
morello 1999,amitriptyline 25 - 75mg,antidepressant,tca
ward 1986,doxepin,antidepressant,tca
ward 1986,desipramine,antidepressant,tca
vitton 2004,placebo,placebo,NA
vitton 2004,milnacipran 25-200mg/day [q.d],antidepressant,snri
vitton 2004,milnacipran 25-200mg/day [b.i.d],antidepressant,snri
sencan 2004,aerobic exercise (group i),exercise,NA
sencan 2004,paroxetine 20mg (group ii),antidepressant,ssri
sencan 2004,placebo tens (group iii),active comparator (transcutaneous electrical nerve stimulation),NA
watson 1992,amitriptyline,antidepressant,tca
watson 1992,maprotiline,antidepressant,teca
talley 2008,placebo,placebo,NA
talley 2008,imipramine - 50mg,antidepressant,tca
talley 2008,citalopram - 40mg,antidepressant,ssri
skljarevski 2009,placebo,placebo,NA
skljarevski 2009,duloxetine - 20mg,antidepressant,snri
skljarevski 2009,duloxetine - 60mg,antidepressant,snri
skljarevski 2009,duloxetine - 120mg,antidepressant,snri
ware 2010,nabilone 0.5-1.0mg,synthetic cannabinoid,NA
ware 2010,amitriptyline 10-20mg,antidepressant,tca
muller 2008,placebo,placebo,NA
muller 2008,escitalopram 10-20mg,antidepressant,ssri
khoromi 2007,benzotropine ≤1mg,active placebo,NA
khoromi 2007,morphine ≥15 and ≤90mg,opioid,NA
khoromi 2007,nortriptyline ≥25 and ≤100mg,antidepressant,tca
khoromi 2007,morphine + nortriptyline,combination opioid and antidepressant,tca
shinichi 2016,placebo,placebo,NA
shinichi 2016,duloxetine 60mg,antidepressant,snri
vollmer 2014,placebo,placebo,NA
vollmer 2014,duloxetine 60mg,antidepressant,snri
clauw 2008,placebo,placebo,NA
clauw 2008,milnacipran 100mg,antidepressant,snri
clauw 2008,milnacipran 200mg,antidepressant,snri
bansal 2009,pregabalin 75-300mg,painkiller,NA
bansal 2009,amitriptyline 10-50 mg,antidepressant,tca
aragona 2005,citalopram - 40mg,antidepressant,ssri
aragona 2005,reboxetine - 8mg,antidepressant,nari
drossman 2003,placebo,placebo,NA
drossman 2003,desipramine - 150mg,antidepressant,tca
drossman 2003,cbt,psychological therapy,NA
drossman 2003,edu,education,NA
allen 2017,placebo,placebo,NA
allen 2017,desvenlafaxine  - 50mg,antidepressant,snri
allen 2017,desvenlafaxine  - 100mg,antidepressant,snri
allen 2017,desvenlafaxine  - 200mg,antidepressant,snri
allen 2017,desvenlafaxine  - 400mg,antidepressant,snri
vahedi 2005,placebo,placebo,NA
vahedi 2005,fluoxetine - 20mg,antidepressant,ssri
nct 2003,benztropine + cbt,active placebo + psychological therapy,NA
nct 2003,nortriptyline + cbt,antidepressant + psychological therapy,tca
nct 2003,benztropine + mgt,active placebo + disease management,NA
nct 2003,nortriptyline + mgt,antidepressant + disease management,tca
nct 2010,placebo,placebo,NA
nct 2010,milnacipran - 100-200mg,antidepressant,snri
kayiran 2010,neurofeedback,neurofeedback,NA
kayiran 2010,escitalopram - 10mg,antidepressant,ssri
hammody 2015,pregabalin - 75mg,anticonvulsant,NA
hammody 2015,amitriptyline - 25mg,antidepressant,tca
hussain 2011,melatonin - 5mg + placebo,hormone + placebo,NA
hussain 2011,fluoxetine - 20mg + placebo,antidepressant + placebo,ssri
hussain 2011,fluoxetine - 20mg + melatonin - 3mg,antidepressant + hormone,ssri
hussain 2011,fluoxetine - 20mg + melatonin - 5mg,antidepressant + hormone,ssri
rani 1996,placebo,placebo,NA
rani 1996,fluoxetine - 20mg,antidepressant,ssri
rani 1996,amitriptyline - 25mg,antidepressant,tca
spinhoven 2010,placebo,placebo,NA
spinhoven 2010,paroxetine - 10-40mg,antidepressant,ssri
spinhoven 2010,cbt,psychological therapy,NA
vanophoven 2004,placebo,placebo,NA
vanophoven 2004,amitriptyline - <100mg,antidepressant,tca
vrethem 1997,amitriptyline 75mg (people with diabetes),antidepressant,tca
vrethem 1997,amitriptyline 75mg (people without diabetes),antidepressant,tca
vrethem 1997,maprotiline 75mg (people with diabetes),antidepressant,tetracyclic antidepressants (teca)
vrethem 1997,maprotiline 75mg (people without diabetes),antidepressant,tetracyclic antidepressants (teca)
vrethem 1997,placebo (people with diabetes),placebo,NA
vrethem 1997,placebo (people without diabetes),placebo,NA
tetreault 2018,placebo,placebo,NA
tetreault 2018,duloxetine 60mg,antidepressant,snri
sarziputtini 1988,placebo,placebo + ibuprofen 1800mg,NA
sarziputtini 1988,placebo,placebo + ibuprofen 1800mg,NA
sarziputtini 1988,dothiepin 75mg,antidepressant + ibuprofen 1800mg,tca
sarziputtini 1988,dothiepin 75mg,antidepressant + ibuprofen 1800mg,tca
gilron 2016,placebo,placebo,NA
gilron 2016,pregabalin ≥450mg,anticonvulsant,NA
gilron 2016,duloxetine ≥120mg,antidepressant,snri
gilron 2016,pregabalin ≥450mg + duloxetine ≥120mg,anticonvulsant + antidepressant,snri
rowbotham 2005,desipramine - 25-150mg,antidepressant,tca
rowbotham 2005,amitriptyline - 25-150mg,antidepressant,tca
rowbotham 2005,fluoxetine - 10-60mg,antidepressant,ssri
sindrup 2003,placebo,placebo,NA
sindrup 2003,venlafaxine 250mg,antidepressant,snri
sindrup 2003,imipramine 150mg,antidepressant,tca
tanum 1996,placebo,placebo,NA
tanum 1996,mianserin - 120mg,antidepressant,tetracyclic antidepressant (teca)
petzke 2013,placebo,placebo,NA
petzke 2013,milnacipran - 200mg,antidepressant,snri
luo 2009,placebo,placebo,NA
luo 2009,fluoxetine - 20mg,antidepressant,ssri
maarrawi 2018,placebo,placebo,NA
maarrawi 2018,amitriptyline - 5mg,antidepressant,tca
nct 2011,placebo,placebo,NA
nct 2011,milnacipran - 100mg-200mg,antidepressant,snri
hadianfard 2012,acupuncture,acupuncture,NA
hadianfard 2012,fluoxetine - 20mg,antidepressant,ssri
trugman 2014,placebo,placebo,NA
trugman 2014,milnacipran - 100-200mg,antidepressant,snri
pakfetrat 2019,crocin - 30mg,medicinal plant,NA
pakfetrat 2019,citalopram - 20mg,antidepressant,ssri
johansson 1979,placebo,placebo,NA
johansson 1979,zimelidine - 200mg,antidepressant,ssri
wernicke 2006,placebo,placebo,NA
wernicke 2006,duloxetine 60mg,antidepressant,snri
wernicke 2006,duloxetine 120mg,antidepressant,snri
rowbotham 2004,placebo,placebo,NA
rowbotham 2004,venlafaxine - 75mg,antidepressant,snri
rowbotham 2004,venlafaxine - 150-225mg,antidepressant,snri
frakes 2011,placebo,placebo,NA
frakes 2011,duloxetine - 60-120mg,antidepressant,snri
masand 2009,placebo,placebo,NA
masand 2009,paroxetine-cr - 12.5-50mg,antidepressant,ssri
keefe 2011,placebo,placebo,NA
keefe 2011,sertraline,antidepressant,ssri
keefe 2011,cst + placebo,psychological therapy + placebo,NA
keefe 2011,cst + sertraline,psychological therapy + antidepressant,ssri
smith 2013,placebo,placebo,NA
smith 2013,duloxetine - 60mg,antidepressant,snri
zakerkish 2017,nortriptyline - 25-75mg,antidepressant,tca
zakerkish 2017,duloxetine - 30-60mg,antidepressant,snri
agger 2017,placebo,placebo,NA
agger 2017,imipramine - 25-75mg,antidepressant,tca
wolfe 1994,placebo,placebo,NA
wolfe 1994,fluoxetine - 20mg,antidepressant,ssri
ventafridda 1987,amitriptyline 75mg,antidepressant,tca
ventafridda 1987,trazodone 225mg,antidepressant,sari
max 1988,placebo,placebo,NA
max 1988,amitriptyline (12.5-150mg),antidepressant,tca
max 1988,lorazepam (0.5-6mg),benzodiazepine,NA
katz 2005,placebo,placebo,NA
katz 2005,bupropion sr,antidepressant,ndri
jose 2007,lamotrigine 50-200mg,anticonvulsant,NA
jose 2007,amitriptyline 10-50mg,antidepressant,tca
kaur 2011,amitriptyline 10-50mg,antidepressant,tca
kaur 2011,duloxetine 20-60mg,antidepressant,snri
holbech 2015,placebo,placebo,NA
holbech 2015,pregabalin - 300mg,anticonvulsant,NA
holbech 2015,imipramine - 25-75mg,antidepressant,tca
holbech 2015,combination,anticonvulsant + antidepressant,tca
sindrup 1990,placebo,placebo,NA
sindrup 1990,paroxetine,antidepressant,ssri
sindrup 1990,imipramine,antidepressant,tca
hameroff 1984,placebo,placebo,NA
hameroff 1984,doxepin ≤300mg,antidepressant,tca
jia 2006,venlafaxine 50mg,antidepressant,snri
jia 2006,carbamazepine 0.2mg,anticonvulsant,NA
pirbudak 2003,epidural injection + placebo,epidural injection + placebo,NA
pirbudak 2003,epidural injection + amitriptyline (10-50mg),epidural injection + antidepressant,tca
ginsberg 1996,placebo,placebo,NA
ginsberg 1996,amitriptyline 25mg,antidepressant,tca
isomeri 1993,physiotherapy and amitriptyline 25mg (a),physiotherapy and antidepressant,tca
isomeri 1993,physical fitness training only (b),cardiovascular fitness training,NA
isomeri 1993,physical fitness training and amitriptyline 25mg (c),cardiovascular fitness training and amitriptyline,tca
grace 1985,placebo,placebo,NA
grace 1985,placebo,placebo,NA
grace 1985,amitriptyline 50-75mg,antidepressant,tca
grace 1985,amitriptyline 50-75mg,antidepressant,tca
heymann 2001,amitriptyline 25mg,antidepressant,tca
heymann 2001,nortriptyline 25mg,antidepressant,tca
heymann 2001,placebo,placebo,NA
creed 2003,psychotherapy,psychological therapy,NA
creed 2003,paroxetine 20mg,antidepressant,ssri
creed 2003,usual treatment,usual care,NA
russell 2008,placebo,placebo,NA
russell 2008,duloxetine - 20 then 60mg,antidepressant,snri
russell 2008,duloxetine - 60mg,antidepressant,snri
russell 2008,duloxetine - 120mg,antidepressant,snri
urquhart 2018,benzotropine mesylate 1mg,active placebo,NA
urquhart 2018,amitriptyline 25mg,antidepressant,tca
hannonen 1998,moclobemide 450mg,antidepressant,reversible maoi. rima.
hannonen 1998,amitriptyline 25mg,antidepressant,tca
hannonen 1998,placebo,placebo,NA
kim 2013,placebo,placebo,NA
kim 2013,milnacipran (12.5 - 200mg),antidepressant,snri
schukro 2016,placebo,placebo,NA
schukro 2016,duloxetine ≤120mg,antidepressant,snri
raskin 2005,placebo,placebo,NA
raskin 2005,duloxetine 60mg (60mgqd),antidepressant,snri
raskin 2005,duloxetine 120mg (60mgbid),antidepressant,snri
norregaard 1995,placebo,placebo,NA
norregaard 1995,citalopram - 20-40mg,antidepressant,ssri
calderon 2011,placebo only,placebo,NA
calderon 2011,placebo and cbt,placebo + cognitive behavioural therapy,NA
calderon 2011,amitriptyline - 25mg,antidepressant,tca
calderon 2011,amitriptyline - 25mg and cbt,antidepressant and psychological therapy,tca
leijon 1989,placebo,placebo,NA
leijon 1989,amitriptyline 75mg,antidepressant,tca
leijon 1989,carbamazepine 800mg,anticonvulsant,NA
shakiba 2018,saffron 15mg,active comparator,NA
shakiba 2018,duloxetine 30mg,antidepressant,snri
yeephu 2013,placebo,placebo,n
yeephu 2013,mirtazapine 15mg,antidepressant,nassa
yeephu 2013,mirtazapine 30mg,antidepressant,nassa
suttiruksa 2016,placebo,placebo,NA
suttiruksa 2016,mirtazapine 15mg,antidepressant,nassa
suttiruksa 2016,mirtazapine 30mg,antidepressant,nassa
goldstein 2005,placebo,placebo,NA
goldstein 2005,duloxetine 20mg,antidepressant,snri
goldstein 2005,duloxetine 60mg,antidepressant,snri
goldstein 2005,duloxetine 120mg,antidepressant,snri
murakami 2015,placebo,placebo,NA
murakami 2015,duloxetine - 60mg,antidepressant,snri
patkar 2007,placebo,placebo,NA
patkar 2007,paroxetine cr (12.5-62.5mg),antidepressant,ssri
robinson 2004,benztropine mesylate (active placebo),active placebo,NA
robinson 2004,amitriptyline ≤125mg,antidepressant,tca
forssell 2004,venlafaxine 37.5 - 75mg,antidepressant,snri
forssell 2004,placebo,placebo,NA
joharchi 2019,duloxetine 30-60mg,antidepressant,snri
joharchi 2019,pregabalin 150-300mg,anticonvulsant,NA
yucel 2005,placebo,placebo,NA
yucel 2005,venlafaxine 75mg,antidepressant,snri
yucel 2005,venlafaxine 150mg,antidepressant,snri
tasmuth 2002,placebo,placebo,NA
tasmuth 2002,venlafaxine 37.5 mg,antidepressant,snri
tasmuth 2002,placebo 2,placebo,NA
tasmuth 2002,venlafaxine 75mg,antidepressant,snri
vranken 2011,placebo,placebo,NA
vranken 2011,duloxetine (60-120mg),antidepressant,snri
staud 2015,placebo,placebo,NA
staud 2015,milnacipran 100mg,antidepressant,snri
lee 2016,placebo,placebo,NA
lee 2016,milnacipran 100mg,antidepressant,snri
mease 2009,placebo,placebo,NA
mease 2009,milnacipran 100mg,antidepressant,snri
mease 2009,milnacipran 200mg,antidepressant,snri
razazian 2014,carbamazepine 400mg/day,anticonvulsant,NA
razazian 2014,pregabalin 150mg/day,anticonvulsant,NA
razazian 2014,venlafaxine 150mg/day,antidepressant,snri
natelson 2015,placebo,placebo,NA
natelson 2015,milnacipran 100mg,antidepressant,snri
majdinasab 2019,gabapentin - 300-900mg,anticonvulsant,NA
majdinasab 2019,duloxetine - 30-60mg,antidepressant,snri
gilron 2015,morphine,painkiller,NA
gilron 2015,nortriptyline,antidepressant,tca
gilron 2015,nortriptyline + morphine,combination painkiller and antidepressant,tca
gao 2010,placebo,placebo,NA
gao 2010,duloxetine - 60-120mg,antidepressant,snri
skljarevski 2010,placebo,placebo,NA
skljarevski 2010,duloxetine - 60-120mg,antidepressant,snri
matthey 2013,placebo,placebo,NA
matthey 2013,milnacipran - 100-200mg,antidepressant,snri
gould 2020,placebo,active placebo,NA
gould 2020,desipramine,antidepressant,tca
gould 2020,placebo + cbt,active placebo + psychological therapy,NA
gould 2020,desipramine + cbt,antidepressant + psychological therapy,tca
gilron 2009,gabapentin,anticonvulsant,NA
gilron 2009,nortriptyline,antidepressant,tca
gilron 2009,gabapentin + nortriptyline,anticonvulsant + antidepressant,tca
yasuda 2011,placebo,placebo,NA
yasuda 2011,duloxetine - 40mg,antidepressant,snri
yasuda 2011,duloxetine - 60mg,antidepressant,snri
skljarevski 2010,placebo,placebo,NA
skljarevski 2010,duloxetine 60mg,antidepressant,snri
wang 2017,placebo,placebo,NA
wang 2017,duloxetine - 60mg,antidepressant,snri
macfarlane 1986,placebo,placebo,NA
macfarlane 1986,placebo,placebo,NA
macfarlane 1986,trimipramine - 25-75mg,antidepressant,tca
macfarlane 1986,trimipramine - 25-75mg,antidepressant,tca
iwaki 2020,placebo,placebo,NA
iwaki 2020,duloxetine - 40mg,antidepressant,snri
sofat 2016,placebo,placebo,NA
sofat 2016,pregabalin 300mg,anticonvulsant,NA
sofat 2016,duloxetine 60mg,antidepressant,snri
bird 2000,paroxetine 20-40mg,antidepressant,ssri
bird 2000,paroxetine 20-40mg,antidepressant,ssri
bird 2000,amitriptyline 75-150mg,antidepressant,tca
bird 2000,amitriptyline 75-150mg,antidepressant,tca
lipone 2020,placebo + gabapentin - 2400mg,placebo + anticonvulsant,NA
lipone 2020,trazodone - 30mg + gabapentin - 2400mg,antidepressant + anticonvulsant,sari
lipone 2020,trazodone - 60mg + gabapentin - 2400mg,antidepressant + anticonvulsant,sari
foster 2010,placebo,placebo tablet + placebo cream,NA
foster 2010,lidocaine-placebo,placebo tablet + topical  local anaesthetic,NA
foster 2010,desipramine-placebo,antidepressant + placebo cream,tca
foster 2010,desipramine-lidocaine,antidepressant + topical  local anaesthetic,tca
gao 2015,placebo,placebo,NA
gao 2015,duloxetine 60mg,antidepressant,snri
otto 2008,placebo,placebo,NA
otto 2008,escitalopram - 20mg,antidepressant,ssri
enteshari-moghaddam 2019,acetaminophen - 2000mg,analgesic,NA
enteshari-moghaddam 2019,duloxetine - 60mg,antidepressant,snri
enteshari-moghaddam 2019,gabapentin - 600mg,anticonvulsant,NA
loldrup 1989,placebo,placebo,NA
loldrup 1989,clomipramine (75-150mg),antidepressant,tca
loldrup 1989,mianserin (30-60mg),antidepressant,teca
nct 2006,pregabalin,anticonvulsant,NA
nct 2006,amitriptyline,antidepressant,tca
nct 2006,duloxetine,antidepressant,snri
atkinson 1999,maprotiline (50-150mg),antidepressant,tetracylic antidepressant (teca)
atkinson 1999,paroxetine (10-30mg),antidepressant,ssri
atkinson 1999,diphenhydramine (active placebo),active placebo,NA
foster 2010,placebo,placebo,NA
foster 2010,amitriptyline 25-75mg,antidepressant,tca
chappell 2008,placebo,placebo,NA
chappell 2008,duloxetine 60-120mg),antidepressant,snri
tesfaye 2013,pregabalin,anticonvulsant,NA
tesfaye 2013,duloxetine 60mg,antidepressant,snri
engel 1998,placebo,placebo,NA
engel 1998,sertraline,antidepressant,ssri
chappell 2009,duloxetine 60mg,antidepressant,snri
chappell 2009,duloxetine 120mg,antidepressant,snri
uchio 2018,placebo,placebo,NA
uchio 2018,duloxetine 60mg,antidepressant,snri
nct 2015,pregabalin - 300–600 mg,anticonvulsant,NA
nct 2015,duloxetine - 40–60 mg,antidepressant,snri
dezanette 2014,melatonin 10mg,hormone,hormone
dezanette 2014,amitriptyline 25mg,antidepressant,tca
dezanette 2014,melatonin 10mg + amitriptyline 25mg,combination of hormone and antidepressant,tca+hormone
chappell 2011,placebo,placebo,NA
chappell 2011,duloxetine (60-120mg),antidepressant,snri
chappell 2009,placebo,placebo,NA
chappell 2009,duloxetine 60-120mg,antidepressant,snri
carette 1986,placebo,placebo,NA
carette 1986,amitriptyline - 10-50mg,antidepressant,tca
arnold 2012,placebo,placebo,NA
arnold 2012,duloxetine - 30mg,antidepressant,snri
arnold 2005,placebo,placebo,NA
arnold 2005,duloxetine - 60mg,antidepressant,snri
arnold 2005,duloxetine - 120mg,antidepressant,snri
arnold 2004,placebo,placebo,NA
arnold 2004,duloxetine - 120mg,antidepressant,snri
cardenas 2002,placebo,active placebo,NA
cardenas 2002,amitriptyline - 10-125 mg,antidepressant,tca
carette 1994,placebo,placebo,NA
carette 1994,amitriptyline - 25-50mg,antidepressant,tca
carette 1994,cyclobenzaprine - 20-30mg,skeletal muscle relaxant,NA
brown 2015,placebo,placebo,NA
brown 2015,duloxetine - 60mg,antidepressant,snri
braz 2013,placebo,placebo,NA
braz 2013,amitriptyline - 25mg,antidepressant,tca
braz 2013,panax ginseng - 100mg,active comparator,NA
rowbotham 2012,placebo,placebo,NA
rowbotham 2012,duloxetine 60mg,antidepressant,snri
rowbotham 2012,abt-894 2mg,neuronal nicotinic acetylcholine receptor agonist,a4b2 nnr agonist
rowbotham 2012,abt-894 4mg,neuronal nicotinic acetylcholine receptor agonist,a4b2 nnr agonist
rowbotham 2012,abt-894 8mg,neuronal nicotinic acetylcholine receptor agonist,a4b2 nnr agonist
dickens 2000,placebo,placebo,NA
dickens 2000,paroxetine 20mg,antidepressant,ssri
nct 2008,placebo,placebo,NA
nct 2008,milnacipran 200mg,antidepressant,snri
eberhard 1988,maprotiline (25-150mg),antidepressant,tetracyclic antidepressant (teca)
eberhard 1988,clomipramine (25-150mg),antidepressant,tca
arnold 2012,placebo,placebo,NA
arnold 2012,esreboxetine - 4mg,antidepressant,snri
arnold 2012,esreboxetine - 8mg,antidepressant,snri
arnold 2012,esreboxetine - 10mg,antidepressant,snri
goldman 2010,placebo,placebo,NA
goldman 2010,amitriptyline 25mg,antidepressant,tca
arnold 2002,placebo,placebo,NA
arnold 2002,fluoxetine - 10-80mg,antidepressant,ssri
arnold 2010,placebo,placebo,NA
arnold 2010,milnacipran - 100mg,antidepressant,snri
ang 2013,cbt and placebo,behavioural (cbt) plus placebo (sugar pill) medication,NA
ang 2013,cbt and milnacipran - 100mg,behavioural (cbt) plus antidepressant medication,snri
ang 2013,education and milnacipran - 100mg,placebo (education) plus antidepressant medication,snri
anderberg 2000,placebo,placebo,NA
anderberg 2000,citalopram - 30-40mg,antidepressant,ssri
allen 2014,placebo,placebo,NA
allen 2014,desvenlafaxine - 50mg,antidepressant,snri
allen 2014,desvenlafaxine - 100mg,antidepressant,snri
allen 2014,desvenlafaxine - 200mg,antidepressant,snri
allen 2014,desvenlafaxine - 400mg,antidepressant,snri
ahmed 2016,placebo,placebo,NA
ahmed 2016,milnacipran - 100mg,antidepressant,snri
ash 1999,placebo,placebo,NA
ash 1999,dothiepin - 75-150mg,antidepressant,tca
arnold 2010,placebo,placebo,NA
arnold 2010,duloxetine - 60-120mg,antidepressant,snri
atkinson 1998,placebo,placebo,NA
atkinson 1998,nortriptyline,antidepressant,tca
arnold 2010,placebo,placebo,NA
arnold 2010,esreboxetine - 8mg,antidepressant,snri
abou-raya 2012,placebo,placebo,NA
abou-raya 2012,duloxetine - 60mg,antidepressant,snri
goodkin 1990,placebo,placebo,NA
goodkin 1990,trazodone ≤600mg,antidepressant,sari
ginsberg 1998,placebo,placebo,NA
ginsberg 1998,pirlindole 150mg,antidepressant,reversible maoi
miki 2016,placebo,placebo,NA
miki 2016,mirtazapine 30mg,antidepressant,nassa
